Workbook

Sheet CUSTOMER_HISTORY
A1: ID | B1: CUSTOMER_NAME | C1: ACCOUNT_NUMBER | D1: CUSTOMER_PHONE | E1: CUSTOMER_ADDRESS | F1: PUNCH_IN_TIME | G1: PUNCH_OUT_TIME | H1: CARD_NUMBER | I1: CARD_ID | J1: CUSTOMER_CRITERIA_ID | K1: EDIT_COUNT
A2: 1 | B2: Ashfak Chowdhury | C2: 1151847383728475 | D2: +8801819765432 | E2: Hathazari , Chittagong , Bangladesh | F2: 2014-11-20 10:00:00 | G2: 2014-11-20 15:00:00 | H2: C001 | I2: 1 | J2: 1
A3: 2 | B3: Malala Yousufzai | C3: 1518283849593830 | D3: +8801819765432 | E3: Hathazari , Chittagong , Bangladesh | F3: 2014-11-21 10:30:00 | G3: 2014-11-21 15:30:00 | H3: S002 | I3: =I2+1 -> 2 | J3: 2
A4: 3 | B4: Shoikat Hossain | C4: 1519876345693830 | D4: +8801819765432 | E4: Hathazari , Chittagong , Bangladesh | F4: 2014-11-22 10:00:00 | G4: 2014-11-22 15:35:00 | H4: S003 | I4: =I3+1 -> 3 | J4: 3
A5: 4 | B5: Khalid saifullah | C5: 1511100483793321 | D5: +8801819765432 | E5: Hathazari , Chittagong , Bangladesh | F5: 2014-11-23 10:40:00 | G5: 2014-11-23 15:40:00 | H5: C004 | I5: =I4+1 -> 4 | J5: 2
A6: 5 | B6: Sultan Ahmed | C6: 1511100483793001 | D6: +8801819765432 | E6: Hathazari , Chittagong , Bangladesh | F6: 2014-11-24 10:20:00 | G6: 2014-11-24 15:20:00 | H6: C005 | I6: =I5+1 -> 5 | J6: 1
A7: 6 | B7: Sheikh Shamir Shakir | C7: 1543217689876543 | D7: +8801819765432 | E7: Hathazari , Chittagong , Bangladesh | F7: 2014-11-25 10:25:00 | G7: 2014-11-25 15:25:00 | H7: C006 | I7: =I6+1 -> 6 | J7: 3
A8: 7 | B8: Tofazzal Hossain | C8: 1518234509875678 | D8: +8801819765432 | E8: Hathazari , Chittagong , Bangladesh | F8: 2014-11-26 10:15:00 | G8: 2014-11-26 15:15:00 | H8: C007 | I8: =I7+1 -> 7 | J8: 2
A9: 8 | B9: Ahmed Sharif | C9: 1518890765434567 | D9: +8801819765432 | E9: Hathazari , Chittagong , Bangladesh | F9: 2014-11-27 10:45:00 | G9: 2014-11-27 15:45:00 | H9: C008 | I9: =I8+1 -> 8 | J9: 3
A10: 9 | B10: Charles Robert Darwin | C10: 1518890765789765 | D10: +8801819765432 | E10: Hathazari , Chittagong , Bangladesh | F10: 2014-11-28 11:00:00 | G10: 2014-11-28 16:00:00 | H10: C009 | I10: =I9+1 -> 9 | J10: 1
A11: 10 | B11: Khalid saifullah | C11: 1511100483793321 | H11: C001
A12: 11 | B12: Ahmed Sharif | C12: 3748312387384774 | H12: C002
A13: 12 | B13: Ashfak Chowdhury | C13: 4875972348738478 | H13: C003
A14: 13 | B14: Malala Yousufzai | C14: 8394839784758475 | H14: C004
A15: 14 | B15: Shoikat Hossain | C15: 7742637627344938 | H15: C005
A16: 15 | B16: Khalid saifullah | C16: 3847384738632637 | H16: C006
A17: 16 | B17: Sultan Ahmed | C17: 3784376372377348 | H17: C007
A18: 17 | B18: Sheikh Shamir Shakir | H18: C001
H19: C002
H20: C003
H21: C004
H22: C005
H23: C006
H24: C007

Sheet CUSTOMER_SERVICE_TASK
A1: ID | B1: TASK_ISSUE_TIME | C1: TASK_START_TIME | D1: TASK_END_TIME | E1: TOTAL_TASK_TIME | F1: WAITING_TIME | G1: TASK_STATUS | H1: CUSTOMER_HISTORY_ID | I1: TASK_TYPE_ID | J1: USERNAME | K1: USER_ID | L1: EDIT_COUNT
A2: 1 | B2: 2014-11-20 10:00:00 | C2: 2014-11-20 10:05:00 | D2: 2014-11-20 14:55:00 | E2: =IF((D2-C2)*86400>0,ROUND((D2-C2)*86400,0),"") -> 17400 | F2: =ROUND((C2-B2)*86400,0) -> 300 | G2: Ended Successfully | H2: =CUSTOMER_HISTORY!A2 -> 1 | I2: 1 | J2: BSSO_USER2 | K2: 8748
A3: 2 | B3: 2014-11-21 10:08:00 | C3: 2014-11-21 10:15:56 | E3: =IF((D3-C3)*86400>0,ROUND((D3-C3)*86400,0),"") | F3: =ROUND((C3-B3)*86400,0) -> 476 | G3: Paused | H3: =CUSTOMER_HISTORY!A3 -> 2 | I3: 101 | J3: CCSO_USER1 | K3: 8749
A4: 3 | B4: 2014-11-21 10:19:00 | C4: 2014-11-21 10:25:00 | D4: 2014-11-21 10:28:00 | E4: =IF((D4-C4)*86400>0,ROUND((D4-C4)*86400,0),"") -> 180 | F4: =ROUND((C4-B4)*86400,0) -> 360 | G4: Ended Successfully | H4: 2 | I4: 101 | J4: CCSO_USER2 | K4: 8750
A5: 4 | B5: 2014-11-22 10:00:00 | C5: 2014-11-22 10:35:00 | E5: =IF((D5-C5)*86400>0,ROUND((D5-C5)*86400,0),"") | F5: =ROUND((C5-B5)*86400,0) -> 2100 | G5: Paused | H5: =CUSTOMER_HISTORY!A4 -> 3 | I5: 101 | J5: CCSO_USER3 | K5: 8752
A6: 5 | B6: 2014-11-22 13:56:00 | C6: 2014-11-22 14:25:00 | E6: =IF((D6-C6)*86400>0,ROUND((D6-C6)*86400,0),"") | F6: =ROUND((C6-B6)*86400,0) -> 1740 | G6: Active | H6: =CUSTOMER_HISTORY!A4 -> 3 | I6: 101 | J6: CCSO_USER4 | K6: 8754
A7: 6 | B7: 2014-11-22 10:50:00 | C7: 2014-11-22 10:52:00 | D7: 2014-11-22 11:30:00 | E7: =IF((D7-C7)*86400>0,ROUND((D7-C7)*86400,0),"") -> 2280 | F7: =ROUND((C7-B7)*86400,0) -> 120 | G7: Ended Successfully | H7: =CUSTOMER_HISTORY!A4 -> 3 | I7: 101 | J7: CCSO_USER1 | K7: 8749
A8: 7 | B8: 2014-11-22 11:34:00 | C8: 2014-11-22 11:37:23 | D8: 2014-11-22 13:55:00 | E8: =IF((D8-C8)*86400>0,ROUND((D8-C8)*86400,0),"") -> 8257 | F8: =ROUND((C8-B8)*86400,0) -> 203 | G8: Cancelled | H8: =CUSTOMER_HISTORY!A4 -> 3 | I8: 101 | J8: CCSO_USER2 | K8: 8750
A9: 8 | B9: 2014-11-22 10:40:00 | E9: =IF((D9-C9)*86400>0,ROUND((D9-C9)*86400,0),"") | H9: =CUSTOMER_HISTORY!A9 -> 8
A10: 9 | E10: =IF((D10-C10)*86400>0,ROUND((D10-C10)*86400,0),"") | H10: =CUSTOMER_HISTORY!A10 -> 9
A11: 10 | E11: =IF((D11-C11)*86400>0,ROUND((D11-C11)*86400,0),"") | H11: =CUSTOMER_HISTORY!A11 -> 10
A12: 11 | H12: =CUSTOMER_HISTORY!A12 -> 11
A13: 12 | H13: =CUSTOMER_HISTORY!A13 -> 12
H14: =CUSTOMER_HISTORY!A14 -> 13
H15: =CUSTOMER_HISTORY!A15 -> 14

Sheet TASK_EVENT_HISTORY
A1: ID | B1: TASK_ID | C1: TASK_EVENT_TYPE | D1: EVENT_START_TIME | E1: EVENT_END_TIME | F1: REMARKS | G1: EDIT_COUNT
A2: 1 | B2: =CUSTOMER_SERVICE_TASK!A2 -> 1 | C2: Complete | D2: 2014-11-20 10:05:00 | E2: 41963.622 | F2: abcd efgh ijkl
A3: =A2+1 -> 2 | B3: =CUSTOMER_SERVICE_TASK!A3 -> 2 | C3: Pause | D3: 2014-11-21 10:15:56 | F3: mnop qrst uvwx
A4: =A3+1 -> 3 | B4: =CUSTOMER_SERVICE_TASK!A4 -> 3 | C4: Complete | D4: 2014-11-21 10:25:00 | E4: =CUSTOMER_SERVICE_TASK!D4 -> 2014-11-21 10:28:00 | F4: yz abcd efgh
A5: =A4+1 -> 4 | B5: =CUSTOMER_SERVICE_TASK!A5 -> 4 | C5: Pause | D5: 2014-11-22 10:35:00 | F5: ljsdlf
A6: =A5+1 -> 5 | B6: =CUSTOMER_SERVICE_TASK!A6 -> 5 | C6: Resume | D6: 2014-11-22 14:25:00 | F6: oeiwruiow ioeuroiwe | L6: public static final String TASK_EVENT_TYPE_START = "Start";
A7: =A6+1 -> 6 | B7: =CUSTOMER_SERVICE_TASK!A7 -> 6 | C7: Complete | D7: 2014-11-22 10:52:00 | E7: =CUSTOMER_SERVICE_TASK!D7 -> 2014-11-22 11:30:00 | F7: lksjdflk ,xmv, | L7: public static final String TASK_EVENT_TYPE_PAUSE = "Pause";
A8: =A7+1 -> 7 | B8: =CUSTOMER_SERVICE_TASK!A8 -> 7 | C8: Cancel | D8: 2014-11-22 11:37:23 | E8: =CUSTOMER_SERVICE_TASK!D8 -> 2014-11-22 13:55:00 | F8: oiewruer kxjfk | L8: public static final String TASK_EVENT_TYPE_RESUME = "Resume";
A9: =A8+1 -> 8 | B9: =CUSTOMER_SERVICE_TASK!A9 -> 8 | L9: public static final String TASK_EVENT_TYPE_REASSIGN = "Reassign";
A10: =A9+1 -> 9 | B10: =CUSTOMER_SERVICE_TASK!A10 -> 9 | L10: public static final String TASK_EVENT_TYPE_ASSIGN = "Assign";
A11: =A10+1 -> 10 | B11: =CUSTOMER_SERVICE_TASK!A11 -> 10 | L11: public static final String TASK_EVENT_TYPE_CANCEL = "Cancel";
A12: =A11+1 -> 11 | B12: =CUSTOMER_SERVICE_TASK!A12 -> 11 | L12: public static final String TASK_EVENT_TYPE_COMPLETE = "Complete";
A13: =A12+1 -> 12 | B13: =CUSTOMER_SERVICE_TASK!A13 -> 12
A14: =A13+1 -> 13 | B14: =CUSTOMER_SERVICE_TASK!A14 -> 0
A15: =A14+1 -> 14 | B15: =CUSTOMER_SERVICE_TASK!A15 -> 0 | L15: Task status(CUSTOMER SERVICE TASK)
A16: =A15+1 -> 15 | B16: =CUSTOMER_SERVICE_TASK!A16 -> 0 | L16: Assigned
A17: =A16+1 -> 16 | B17: =CUSTOMER_SERVICE_TASK!A17 -> 0 | L17: Active
A18: =A17+1 -> 17 | B18: =CUSTOMER_SERVICE_TASK!A18 -> 0 | L18: Paused
A19: =A18+1 -> 18 | L19: Ended Successfully
A20: =A19+1 -> 19 | L20: Cancelled
A21: =A20+1 -> 20
A22: =A21+1 -> 21
